time_stamp,id,starting_point,destination_point,decision_id,charging_time,moving_time
1277,0,"(0.0, 0.0)","(496, 554)",41,153.37974032731486,148.71879504622137
1277,1,"(0.0, 0.0)","(496, 554)",41,299.80913154630144,148.71879504622137
1277,2,"(0.0, 0.0)","(496, 554)",41,485.9342944028614,148.71879504622137
